﻿Nom du centre,X,Y
Centre de santé mesnana,35.753800, -5.856800
Salle couverte El Mers 2,35.739700, -5.824550
Val Fleury,35.773400, -5.832640
Centre de santé dradeb,35.787200, -5.834100
Place Des Arenes,35.755300, -5.796390
Merj boutayeb,35.458000, -6.036230
El Mersa,35.467700, -6.034430
Dar Morsya,35.581300, -5.363550
Bab tout,35.570800, -5.372270
Coelma,35.564200, -5.349370
COMPLEXE SOCIO-SPORTIF MIRADOR,35.247300, -3.937070
COMPLEXE CULTUREL AL HOCEIMA,35.247300, -3.937070
SALLE COUVERTE 3 MARS AL HOCEIMA,35.246500, -3.933940
COMPLEXE CULTUREL IMZOUREN,35.134904, -3.928147
Salle de gymnastique,35.573400, -5.348150
centre Lalla Meryem de formation professionnelle par apprentissage,35.586000, -5.360390
Cité scolaire,35.571400, -5.381870
Jules Cot,35.784100, -5.813030
Mozart,35.771900, -5.797340
CHARF Roi Fahd,35.767500, -5.794180
Maison des jeunes Sania,35.751500, -5.826390
CS MOULAY THAMI,34.802400, -5.573980
